Project ID,School ID,Teacher ID,Teacher Project Posted Sequence,Project Type,Project Title,Project Essay,Project Subject Category Tree,Project Subject Subcategory Tree,Project Grade Level Category,Project Resource Category,Project Cost,Project Posted Date,Project Current Status,Project Fully Funded Date
bdd640fb06671ad11c80317fa3b1799d,23b8c1e9392456de3eb13b9046685257,bd9c66b3ad3c2d6d1a3d1fa7bc8960a9,5,Teacher-Led,Anti-Bullying Begins with Me,Lorem ipsum dolor sit amet classroom school...,"Literacy & Language, Math & Science","Applied Sciences, Literature & Writing",Grades PreK-2,Books,$231.17,2014-04-22,Live,
32e706298fadc1a606cb0fb39a1de644,8b8148f6b38a088ca65ed389b74d0fb1,96da1dac72ff5d2a386ecbe06b65a6a4,3,Teacher-Led,Anti-Bullying Begins with Me,Lorem ipsum dolor sit amet classroom school...,Music & The Arts,"Applied Sciences, Literature & Writing",Grades 3-5,Technology,$317.67,2014-11-21,Fully Funded,2014-12-01
d8f564135be6128e18c267976142ea7d,ce9ff57f43b7a3a69a8dca03580d7b71,89463e85759cde66bacfb3d00b1f9163,1,Teacher-Led,Technology in the Classroom,Lorem ipsum dolor sit amet classroom school...,"Applied Learning, Literacy & Language","Literacy, Mathematics",Grades 3-5,Trips,$1339.63,2015-01-11,Live,
0bbb259911ce5dd2b45ed1f03139d32c,4a15544dc5e7ce8a3a578a8ea9488d99,3b982ef8daf61a26146d3f31fc377a4c,1,Teacher-Led,Technology in the Classroom,Lorem ipsum dolor sit amet classroom school...,"Literacy & Language, Special Needs","Applied Sciences, Literature & Writing",Grades 3-5,Supplies,$618.25,2014-03-06,Fully Funded,2014-04-24
12476f57a5e5a5abaefcfad8efc89849,88bd64072bcfbe01a28defe39bf00273,7656af7229d4beef3eabedcbbaa80dd4,4,Teacher-Led,"Big Books, Flip Books",Lorem ipsum dolor sit amet classroom school...,"Literacy & Language, Math & Science",Music,Grades 3-5,Books,$420.67,2013-03-07,Fully Funded,2013-04-06
e9c349e03602f8ac10f1bc81448aaa9e,b7c93acfe059a0ee9132b63ef16287e4,7fcd9eb1a7cad415366eb16f508ebad7,4,Teacher-Led,Technology in the Classroom,Lorem ipsum dolor sit amet classroom school...,Music & The Arts,"Literacy, Special Needs",Grades 6-8,Supplies,$1142.98,2016-01-09,Fully Funded,2016-03-01
956269f0e5d7b8756dadd6c795a76d79,ff50bde4382567b85cabcc97663f1c97,7e570ddf827050a82369b584ff5e9ff0,1,Teacher-Led,Anti-Bullying Begins with Me,Lorem ipsum dolor sit amet classroom school...,"Applied Learning, Literacy & Language",Music,Grades 6-8,Other,$934.97,2015-02-28,Fully Funded,2015-04-12
405cacec877409a977d21e02ff01cf99,f143262fdc5c0eed8da0365bf89897b9,1d53434bb88139b9ae270da702f06b90,5,Teacher-Led,"Big Books, Flip Books",Lorem ipsum dolor sit amet classroom school...,"Literacy & Language, Special Needs","Character Education, Literacy",Grades 3-5,Other,$321.42,2013-01-07,Fully Funded,2013-02-13
e9a1fa6f81f76d1c2dbc2134c30ff46e,4c66e0a8a013ac6ededa4e161b3dbd5c,9be578c781f631d4a39231a7d777a477,2,Teacher-Led,Ukuleles For Middle Schoolers,Lorem ipsum dolor sit amet classroom school...,"Literacy & Language, Special Needs",Music,Grades PreK-2,Trips,$553.82,2013-02-09,Fully Funded,2013-03-09
ce88cb2dd4e80839fc3e058be0f3eab0,3da9c2a90ed42f1a3d4cbf374eb93eff,14296c07f26b4776913e4de2e0c53cb8,1,Teacher-Led,Technology in the Classroom,Lorem ipsum dolor sit amet classroom school...,"Applied Learning, Literacy & Language","Literacy, Mathematics",Grades 6-8,Supplies,$1023.65,2016-01-31,Expired,
9b49bd26df57c59a8715a10343dac043,edcd465e36386821f6e07cc06c52c49f,b09b2a5cbadcc32ac1590f538a0f4efb,2,Teacher-Led,"Big Books, Flip Books",Lorem ipsum dolor sit amet classroom school...,"Math & Science, Literacy & Language","Literacy, Special Needs",Grades 9-12,Trips,$732.08,2014-05-23,Expired,
969b666205628059568cc69b1064005c,38602ab696a402f23ae8cc938dcdcd03,a18ff6b6b535106e122c9a5601d74256,1,Teacher-Led,Ukuleles For Middle Schoolers,Lorem ipsum dolor sit amet classroom school...,"Applied Learning, Literacy & Language","Character Education, Literacy",Grades 3-5,Books,$819.82,2014-07-25,Fully Funded,2014-08-12
ef7ddc76b92da22b21df306f8a0b3c33,7900f7f993829b43922fe15ae1e3db63,ceb81f9d7914c120c8dcd19f3e351128,4,Teacher-Led,Ukuleles For Middle Schoolers,Lorem ipsum dolor sit amet classroom school...,"Applied Learning, Literacy & Language","Character Education, Literacy",Grades 9-12,Technology,$693.01,2015-08-15,Fully Funded,2015-10-02
1931e9eea56c0941fbf24050a748dbcf,56dc8907ba6c34ab6712303a0f844fef,3fa7f1041bf90e27dc96925eccf3a171,2,Teacher-Led,Ukuleles For Middle Schoolers,Lorem ipsum dolor sit amet classroom school...,"Literacy & Language, Math & Science","Applied Sciences, Literature & Writing",Grades 6-8,Other,$356.88,2015-08-06,Expired,
71710434134c6c92ec5b227cdfde4fbf,8ce21ea3db20a56edc815fe7ceda8bbb,ffd0f9d5a6f2f7b80cf35b5819108be5,5,Teacher-Led,Anti-Bullying Begins with Me,Lorem ipsum dolor sit amet classroom school...,"Applied Learning, Literacy & Language",Music,Grades 6-8,Other,$779.90,2014-03-14,Fully Funded,2014-03-22
fc3d3348008d4127610461e32a25a888,c8b8d9c6ed3049cf43e458fc63f2ae24,6c4a37ea490617f2747b6dbac8fe3ccd,5,Teacher-Led,Technology in the Classroom,Lorem ipsum dolor sit amet classroom school...,Music & The Arts,Music,Grades 3-5,Supplies,$1456.19,2016-04-01,Live,
0ea2622b504867babf7b539b0f9aea4b,80bacd647a0ecfea958ca9ba0cd620c2,284d82e587f7e1fbda4bd9caeb5cf467,1,Teacher-Led,Reading is Fun,Lorem ipsum dolor sit amet classroom school...,"Applied Learning, Literacy & Language",Music,Grades PreK-2,Trips,$195.15,2014-04-27,Fully Funded,2014-05-09
3f07f81491d63f78e3e9de99f10c718b,9e8fc9650a2c827e9832685694340a03,956b8c0ca8499b926b5252e314fcdd54,5,Teacher-Led,Reading is Fun,Lorem ipsum dolor sit amet classroom school...,"Literacy & Language, Special Needs","Literacy, Special Needs",Grades 6-8,Technology,$434.16,2015-03-22,Expired,
750cab754ccc9bc2a53f8a28abf3e3fc,ef8c485bc07a30f2edd4253b50f0fd0a,9f044aed7552332702627f7312922f83,5,Teacher-Led,Anti-Bullying Begins with Me,Lorem ipsum dolor sit amet classroom school...,"Applied Learning, Literacy & Language","Literacy, Mathematics",Grades 6-8,Trips,$471.28,2014-12-16,Fully Funded,2015-01-05
702cdd20286218b848f4ef125e9953d2,4d71c366b41b31438b10550cd5704f32,ce9e1a11fcbb4e59fbddcf7c9c96e9ec,5,Teacher-Led,Anti-Bullying Begins with Me,Lorem ipsum dolor sit amet classroom school...,"Literacy & Language, Math & Science","Literacy, Special Needs",Grades PreK-2,Supplies,$470.25,2013-08-08,Live,
9ad620ab48212ddb45b89cd927cb6f2a,341ef40b57c700aab7b56ea735ebd32d,439472e6da587e8aa25d6b29afffcfd2,5,Teacher-Led,Technology in the Classroom,Lorem ipsum dolor sit amet classroom school...,"Literacy & Language, Special Needs","Character Education, Literacy",Grades PreK-2,Other,$1261.09,2013-04-01,Fully Funded,2013-04-27
fad409e2a319dcb4217d65a0c56811cd,711c21c9bdc14f1f295d6fbf430f801d,8f9797b06d7ce3c9b4a69f3c8d3aed99,1,Teacher-Led,Anti-Bullying Begins with Me,Lorem ipsum dolor sit amet classroom school...,"Applied Learning, Literacy & Language",Music,Grades PreK-2,Technology,$915.51,2013-10-31,Fully Funded,2013-11-13
e623a6895d59cd2a4eea04e70ab54bde,dc570131f8e1daa7cbceabdeeededb07,35c7936c5b9962c6e61fecc00a368ce7,2,Teacher-Led,Anti-Bullying Begins with Me,Lorem ipsum dolor sit amet classroom school...,"Literacy & Language, Special Needs","Literacy, Mathematics",Grades 9-12,Trips,$1149.27,2014-04-30,Expired,
2d534dd0cf8ebc5accc56569f9e8a369,2dea94930658663a698c206fe1a47e10,c84a7b28550a1b46ecab3301bc8f7d29,4,Teacher-Led,Ukuleles For Middle Schoolers,Lorem ipsum dolor sit amet classroom school...,"Literacy & Language, Special Needs",Music,Grades PreK-2,Other,$1321.03,2015-08-22,Expired,
75d66ed4eb1fa9f2d10bd1d033173470,cb9bc326d20eac174e20fd1a598336e3,060edf5b391184973a43b2badf0f06cb,2,Teacher-Led,Technology in the Classroom,Lorem ipsum dolor sit amet classroom school...,"Literacy & Language, Special Needs","Literacy, Special Needs",Grades PreK-2,Technology,$591.60,2015-11-10,Fully Funded,2015-12-28
54c63cd889456f27d7fa2d8dfb2ca025,e08596db1d8709660710d430f071d879,94a1875d2db69edb42deffccf86c2ca2,3,Teacher-Led,Anti-Bullying Begins with Me,Lorem ipsum dolor sit amet classroom school...,"Applied Learning, Literacy & Language","Literacy, Mathematics",Grades 9-12,Technology,$1119.96,2014-10-05,Fully Funded,2014-11-17
629c2ae31d9af65982ec9f2dfbf6e16f,41357e8c30a900ad939b462de645f129,006ed6e36fa17735b572f3d00b5cea6a,5,Teacher-Led,Reading is Fun,Lorem ipsum dolor sit amet classroom school...,Music & The Arts,"Literacy, Special Needs",Grades 9-12,Books,$1428.42,2014-11-08,Live,
1fe771d6d9178793a9d3c2e6505cc686,81d2c7de4ce1eb90e6697833b841d0a0,5380b904688c7015aab97e494f2d4796,4,Teacher-Led,"Big Books, Flip Books",Lorem ipsum dolor sit amet classroom school...,"Literacy & Language, Math & Science",Music,Grades 6-8,Other,$1030.90,2015-02-16,Expired,
67f48ad54d0b0d1a91b0e1d99d9262af,4dcabfb7001a9a8bd56f03508c459ce2,c9277d9b6e0d264835ce884149732d6c,5,Teacher-Led,Reading is Fun,Lorem ipsum dolor sit amet classroom school...,"Literacy & Language, Special Needs","Applied Sciences, Literature & Writing",Grades 9-12,Other,$1045.88,2015-11-13,Fully Funded,2016-01-07
bc67f831cbc84759f5b78cc7e6b3c944,48a639d015b52908a8aa71582b70e525,9e87e04ca2086977a9f2533683f4a9a9,3,Teacher-Led,Anti-Bullying Begins with Me,Lorem ipsum dolor sit amet classroom school...,Music & The Arts,"Literacy, Special Needs",Grades 6-8,Supplies,$306.30,2013-04-05,Expired,
d98868dd9c7c737779a28903fbe33b24,6a18ce4c7496276412a4def0c4bbb7a9,31c681ec935f2b0aa1384ddce2d9de5d,4,Teacher-Led,Technology in the Classroom,Lorem ipsum dolor sit amet classroom school...,"Math & Science, Literacy & Language",Music,Grades 6-8,Books,$1349.72,2013-08-07,Fully Funded,2013-08-26
b227462cf53d4330cdda24ba2d06e8cf,8eb225790cdb1ca476ecbdd68498e113,1f115b76d92c9227eadf50853fcb7546,4,Teacher-Led,Ukuleles For Middle Schoolers,Lorem ipsum dolor sit amet classroom school...,"Math & Science, Literacy & Language","Literacy, Mathematics",Grades 3-5,Other,$957.71,2017-01-13,Live,
8c41561be827a1b9d4a02e536d3ee1dc,be6033f728be9288e5af6e39722764e6,425a609f7337c59979844388dc8aee30,2,Teacher-Led,"Big Books, Flip Books",Lorem ipsum dolor sit amet classroom school...,"Literacy & Language, Math & Science","Applied Sciences, Literature & Writing",Grades 6-8,Technology,$715.82,2017-01-01,Fully Funded,2017-01-21
e49d681d51d87c6455fa1ab8458f1f19,269cd696236c7b8714a0bccb8a476a87,271e3ee2b1a6b1f1620e99d33b33f3d8,2,Teacher-Led,Anti-Bullying Begins with Me,Lorem ipsum dolor sit amet classroom school...,"Math & Science, Literacy & Language","Applied Sciences, Literature & Writing",Grades 3-5,Trips,$752.29,2013-05-08,Expired,
e7a37e8163b4c08b6b8e869fd5385b0e,b20dcb6ef2311f1795863a76c51155ff,c3fe0183e172b725db52ca5805000bc6,5,Teacher-Led,Technology in the Classroom,Lorem ipsum dolor sit amet classroom school...,"Math & Science, Literacy & Language","Character Education, Literacy",Grades 3-5,Technology,$1154.87,2015-05-09,Live,
ccc429038bcf53a1bc10fa52bf5d2fdf,7cfc9b793875394ce5d6f6e69a6ec2f5,7c5308bf6f92f25e45df16b6382c043f,1,Teacher-Led,Technology in the Classroom,Lorem ipsum dolor sit amet classroom school...,"Literacy & Language, Special Needs","Applied Sciences, Literature & Writing",Grades 6-8,Other,$1387.36,2016-06-28,Live,
978648f864de82e6e82c7d7b06e745f9,157d94a106f028ffa9ba5a27907bfe36,dde9f86322bd33886db99102a48b3dbe,4,Teacher-Led,Ukuleles For Middle Schoolers,Lorem ipsum dolor sit amet classroom school...,"Applied Learning, Literacy & Language","Literacy, Special Needs",Grades 9-12,Technology,$396.32,2014-11-01,Fully Funded,2014-12-24
c083b73a473bd358610e6a64e1301617,4094dded6bebac31d4f8fd72f3821cfd,04f64d867866076514f7ce8dd5bcb8d0,5,Teacher-Led,Anti-Bullying Begins with Me,Lorem ipsum dolor sit amet classroom school...,"Literacy & Language, Special Needs",Music,Grades PreK-2,Books,$1155.93,2014-05-22,Expired,
2702878b9f0fda8d05379ff6d6d7b3b8,ab61a7b1793b4c32205004943d114802,37cc863bf2a0345990604f621d48a071,4,Teacher-Led,"Big Books, Flip Books",Lorem ipsum dolor sit amet classroom school...,"Literacy & Language, Special Needs",Music,Grades PreK-2,Supplies,$1450.61,2013-08-10,Live,
93676a024fdc6e1bedcb8cb60692dc63,60141de9f54ad0a2e87466d7ad66a1bd,32c5bd89b70b3420f1043785658b2523,1,Teacher-Led,Reading is Fun,Lorem ipsum dolor sit amet classroom school...,Music & The Arts,"Character Education, Literacy",Grades 3-5,Trips,$1227.74,2016-03-05,Fully Funded,2016-04-01
5eddbbbfa95976636daa2e688861fe18,575aed2ca5c5650c8186a57611a72609,d284476c6b88f83dd97dc9cd033d2bce,4,Teacher-Led,Anti-Bullying Begins with Me,Lorem ipsum dolor sit amet classroom school...,"Math & Science, Literacy & Language","Literacy, Special Needs",Grades 9-12,Supplies,$709.68,2015-12-05,Fully Funded,2016-01-18
c64ee6e389c5b31aeb6c1016cee624d0,d36357b66f81cf4f7701f7bb7bc67e1f,52828d8044b591f797ac6aa8bb2488a3,2,Teacher-Led,Anti-Bullying Begins with Me,Lorem ipsum dolor sit amet classroom school...,"Literacy & Language, Special Needs","Applied Sciences, Literature & Writing",Grades 6-8,Other,$897.79,2016-09-30,Fully Funded,2016-10-26
533420e6d9d80b8d7e8adee70758e201,5ad5cf06364d7c877cd0129d2e8d0e87,4797b2c9572072464223623bcc3ebdde,5,Teacher-Led,"Big Books, Flip Books",Lorem ipsum dolor sit amet classroom school...,"Literacy & Language, Math & Science","Character Education, Literacy",Grades 6-8,Books,$437.90,2015-04-13,Fully Funded,2015-05-23
79e13ceab0cbc61f3d85de89c2171429,72bb912d7da67785b63b4dc3a559e463,4b5305e517d2582e046a0df5cafda613,2,Teacher-Led,Technology in the Classroom,Lorem ipsum dolor sit amet classroom school...,Music & The Arts,"Literacy, Special Needs",Grades 3-5,Other,$874.86,2014-12-06,Fully Funded,2015-01-27
b3ee4d3b5a10412954aebd1b8ce6424d,405bfdc94e7ed827455ac7627428a656,314d3441b8a6171f1ee34dc43b048a8b,3,Teacher-Led,Anti-Bullying Begins with Me,Lorem ipsum dolor sit amet classroom school...,"Literacy & Language, Math & Science",Music,Grades 6-8,Supplies,$1134.05,2014-07-21,Live,
98c7472a864e9a13c29cfc0cfa02eaec,d52721e719bc143efb02bebb48729a4d,5c62b3a23a3c563e4bd6cee631b1b099,2,Teacher-Led,"Big Books, Flip Books",Lorem ipsum dolor sit amet classroom school...,"Applied Learning, Literacy & Language","Literacy, Mathematics",Grades 6-8,Technology,$163.72,2013-04-22,Live,
2053da42f1afdb65b289f2244ac9778d,7daa39f0c0b6fce2de53790aa34b6cf6,92f5df7b0323d342df6a8f931a432f0a,3,Teacher-Led,Technology in the Classroom,Lorem ipsum dolor sit amet classroom school...,"Math & Science, Literacy & Language","Applied Sciences, Literature & Writing",Grades 3-5,Supplies,$1451.70,2014-06-02,Fully Funded,2014-06-14
7de31a516694c34310ba58e3d2762bdc,afbb411aa1235a8c93b7a88612f70c97,cfa701cd2631d00b26d794d30db95301,5,Teacher-Led,"Big Books, Flip Books",Lorem ipsum dolor sit amet classroom school...,"Applied Learning, Literacy & Language",Music,Grades PreK-2,Trips,$1170.22,2016-05-26,Live,
c693da1139c6a1ca9e50aa42ca6dfda1,e893be3d7354ea6f6160745985c7504b,96a9954fdc33e1f94c1f55ab715629ee,4,Teacher-Led,"Big Books, Flip Books",Lorem ipsum dolor sit amet classroom school...,"Literacy & Language, Math & Science","Literacy, Mathematics",Grades PreK-2,Trips,$1444.15,2013-07-23,Expired,
a911d19243bfd9313605bf54a021c0ca,2c7f0b793d67cde92834e4c014c8b3b4,00af5b3a2812859a1337739e8d4f5d27,4,Teacher-Led,Technology in the Classroom,Lorem ipsum dolor sit amet classroom school...,"Literacy & Language, Math & Science","Applied Sciences, Literature & Writing",Grades 3-5,Books,$424.07,2016-12-18,Fully Funded,2017-02-05
aff8754d1238d630743b65a2dc0f2fcf,c9af18f843b9da13ec856f373bc1a987,a9434aa096fc734da003cd28ca8f3653,2,Teacher-Led,Technology in the Classroom,Lorem ipsum dolor sit amet classroom school...,"Applied Learning, Literacy & Language","Literacy, Mathematics",Grades 6-8,Supplies,$1371.78,2013-10-19,Fully Funded,2013-10-27
9854ce4e4ebfa5c3cae9b4a72a79ea68,ebd3461691b78d8ed3016989bfbbb17f,77fc97031fd5a423706c5c5649e2623d,3,Teacher-Led,Technology in the Classroom,Lorem ipsum dolor sit amet classroom school...,"Literacy & Language, Special Needs","Literacy, Mathematics",Grades 9-12,Other,$212.62,2013-03-23,Fully Funded,2013-05-14
069f14f140181c6e9a8cfa3c5283aac7,ac9ed156f63fce413a9aca5e176132ed,964db03f93403faddc4ad56bd6016237,1,Teacher-Led,"Big Books, Flip Books",Lorem ipsum dolor sit amet classroom school...,"Literacy & Language, Math & Science","Character Education, Literacy",Grades 6-8,Other,$826.55,2015-06-25,Fully Funded,2015-07-11
a28140446f96288295d82980ff37d19c,175ba98df81401027de1bdfed0725b5c,5553b2fe6889803e5913f9d3785299f4,3,Teacher-Led,Anti-Bullying Begins with Me,Lorem ipsum dolor sit amet classroom school...,Music & The Arts,"Literacy, Special Needs",Grades 9-12,Other,$503.50,2015-04-01,Live,
50843242168b1625746f78910964fbbf,f85e06a11dad09b252c21221409d3602,83bc9478dd6ac7b86778043bc5c5b37a,1,Teacher-Led,Reading is Fun,Lorem ipsum dolor sit amet classroom school...,"Math & Science, Literacy & Language","Applied Sciences, Literature & Writing",Grades PreK-2,Supplies,$825.82,2016-06-29,Fully Funded,2016-08-13
341c64940d366dfcc28ebd7071299889,ed7bf656218a15368c99a894445dcc38,b2c08394e17f29e17028604649bc473f,4,Teacher-Led,Anti-Bullying Begins with Me,Lorem ipsum dolor sit amet classroom school...,"Applied Learning, Literacy & Language","Literacy, Mathematics",Grades 6-8,Supplies,$535.05,2013-01-29,Live,
fe0490593985fb6217dc8eff687213f9,762172ed1d0bc9bde9b5c5cfd7665cda,d50755d9a5d04d531e1242e3f27292b6,2,Teacher-Led,Technology in the Classroom,Lorem ipsum dolor sit amet classroom school...,"Literacy & Language, Special Needs","Literacy, Mathematics",Grades 3-5,Other,$1268.61,2015-08-26,Expired,
6232b17a250741818d1fb54074eff545,821c13369970cf60ebff8d1530cbd755,dd30de8922f235f2e11b868dbf0d073d,1,Teacher-Led,"Big Books, Flip Books",Lorem ipsum dolor sit amet classroom school...,"Math & Science, Literacy & Language","Literacy, Special Needs",Grades 3-5,Books,$495.97,2014-09-04,Live,
7d5911c6a8f1e091ffb8102d9475dbc9,89e06ab37250ee18260a5962dd81b7f5,8d4a75b8551ac8ea585a0afa7bfdcc12,5,Teacher-Led,Technology in the Classroom,Lorem ipsum dolor sit amet classroom school...,"Math & Science, Literacy & Language","Literacy, Special Needs",Grades 6-8,Supplies,$900.52,2014-04-24,Fully Funded,2014-05-01
b489d0707914f8a8bea4ff31517400f8,62d60e9361985d54cfb87e6fe9d68f23,d21c82f8cada4f80a9e782d4fd08b32c,2,Teacher-Led,Technology in the Classroom,Lorem ipsum dolor sit amet classroom school...,"Applied Learning, Literacy & Language",Music,Grades 3-5,Books,$1323.87,2015-06-21,Fully Funded,2015-07-29
b8f2142303edd1f874f93d17e912b4bf,a79fbfafdef5768968f45bce24e75e8e,783089301327f1bc2784378ff84f16b3,3,Teacher-Led,"Big Books, Flip Books",Lorem ipsum dolor sit amet classroom school...,"Literacy & Language, Math & Science","Applied Sciences, Literature & Writing",Grades PreK-2,Technology,$1293.28,2015-12-29,Fully Funded,2016-01-23
c268283ee32f2e63b7fddd71a075e927,0930aef68a80068ddf547e507cea2045,a193c4b23c19e71d118405ad9e11d2cd,3,Teacher-Led,Ukuleles For Middle Schoolers,Lorem ipsum dolor sit amet classroom school...,"Applied Learning, Literacy & Language","Applied Sciences, Literature & Writing",Grades PreK-2,Books,$721.15,2016-11-22,Fully Funded,2016-11-28
0e5dd462cbd00ef2530a37df0bc61066,6e417d475ff595ea5bc440f14b1a269b,697c392387fa841a3e83b91f25440fe0,5,Teacher-Led,Ukuleles For Middle Schoolers,Lorem ipsum dolor sit amet classroom school...,Music & The Arts,Music,Grades PreK-2,Trips,$1319.18,2016-06-23,Expired,
24a35cf29549c931e9af299d7f671eec,4104a8b5a34db7c5760debbb3b70b3a1,0267deb3aab612c9415d174a75a66981,4,Teacher-Led,"Big Books, Flip Books",Lorem ipsum dolor sit amet classroom school...,"Literacy & Language, Math & Science",Music,Grades PreK-2,Other,$1423.33,2016-04-18,Fully Funded,2016-06-02
40066ff2b0b862ef6c9f82b9f6478986,32ffe2944d57d880d865d69a74f33103,7bb38605da743152627b41a1ffd6f232,1,Teacher-Led,Ukuleles For Middle Schoolers,Lorem ipsum dolor sit amet classroom school...,"Math & Science, Literacy & Language","Literacy, Mathematics",Grades 3-5,Trips,$514.22,2016-12-03,Fully Funded,2016-12-09
6553867da881bfd3d47d577bfa5a91ca,dd750e9890e0b95f0212b554464458b4,f93e08d5bea29dfec73f6e1baf908e3c,1,Teacher-Led,Reading is Fun,Lorem ipsum dolor sit amet classroom school...,"Math & Science, Literacy & Language","Literacy, Special Needs",Grades 6-8,Trips,$1222.70,2014-03-25,Expired,
c16d83edad81f8bd402913ec9ef2b93e,ae4c84ffa8c01f05c478f6f1b88ec318,18dfbc3ca0d4de3d2303f6c6d69d42f1,1,Teacher-Led,"Big Books, Flip Books",Lorem ipsum dolor sit amet classroom school...,"Math & Science, Literacy & Language","Character Education, Literacy",Grades 3-5,Supplies,$226.19,2014-08-28,Fully Funded,2014-10-19
21d53971336749b52cf6bf756a5e6920,f8b38a8be05fb8bc8a16a06cc958e75e,e9da484a80759f1f87e5f0fe5da8d6d2,3,Teacher-Led,Ukuleles For Middle Schoolers,Lorem ipsum dolor sit amet classroom school...,"Literacy & Language, Special Needs","Applied Sciences, Literature & Writing",Grades 3-5,Technology,$1225.93,2015-08-18,Fully Funded,2015-09-01
dc322c9739c1e262f76c8edec1101266,fadd7ea3aca5e2fdb966442aad238d36,cdf974a7d882b5c1f79efd7065bcc272,5,Teacher-Led,"Big Books, Flip Books",Lorem ipsum dolor sit amet classroom school...,"Applied Learning, Literacy & Language","Applied Sciences, Literature & Writing",Grades PreK-2,Technology,$851.20,2015-07-21,Fully Funded,2015-09-07
95a5bafa431d029fac1e86d8bfbf397b,f0b6f83fa377f6f1d289f0ab618ae305,3bdbc09eacc216a01bbc91f75f18e583,4,Teacher-Led,Anti-Bullying Begins with Me,Lorem ipsum dolor sit amet classroom school...,"Literacy & Language, Math & Science","Literacy, Mathematics",Grades 3-5,Trips,$409.91,2013-05-10,Fully Funded,2013-06-28
1dde7969688613dba6348e784d5c55c7,0986bbebf23e323d0b9bd93423c86d30,1dba12677e1ca5a1fef518a64dead645,1,Teacher-Led,Ukuleles For Middle Schoolers,Lorem ipsum dolor sit amet classroom school...,"Literacy & Language, Math & Science",Music,Grades 9-12,Other,$619.42,2016-11-27,Live,
ba0266efbe055787965befdf6b4be411,a7a8f6366a35df59e2aa7a5d278ed00d,9d9b62317d45d8efd56ce8ea19597b5a,4,Teacher-Led,"Big Books, Flip Books",Lorem ipsum dolor sit amet classroom school...,"Applied Learning, Literacy & Language","Literacy, Special Needs",Grades 6-8,Other,$722.57,2014-04-29,Fully Funded,2014-05-10
8b621d415e09a9eeaf88bdecfb1e143b,5bd20c98a5135ea0fa53e34de6d5901d,30974b2b46a02a9b65ec7acd0f8035f5,1,Teacher-Led,Technology in the Classroom,Lorem ipsum dolor sit amet classroom school...,"Applied Learning, Literacy & Language",Music,Grades PreK-2,Books,$1201.51,2014-05-14,Expired,
11906f5034885a4690882eafc9776598,350843f08de08fc2c3e15a85d46ef104,dea45c19d0243d723748967f961d33ba,2,Teacher-Led,"Big Books, Flip Books",Lorem ipsum dolor sit amet classroom school...,Music & The Arts,"Literacy, Mathematics",Grades PreK-2,Technology,$1301.77,2013-10-24,Expired,
2cabd7e7cc6b66e5402adf9c8a4b8f7c,06998731ddcf8766a93b12cd1c24220e,ca3c6f5f5bb5c40c03cde2e321bddb41,2,Teacher-Led,Reading is Fun,Lorem ipsum dolor sit amet classroom school...,"Literacy & Language, Special Needs","Character Education, Literacy",Grades 6-8,Technology,$173.36,2015-05-13,Live,
79eb4168104556e5bee3eb791d181ee9,836390075cae9610c72c1fe372c22a16,80fb929673b6a09b1beaf6ac97fa7f04,2,Teacher-Led,Reading is Fun,Lorem ipsum dolor sit amet classroom school...,"Applied Learning, Literacy & Language","Literacy, Mathematics",Grades 3-5,Other,$1000.68,2013-03-05,Fully Funded,2013-04-09
afa415e56d20449666d06371d8e88ebb,e8e22743b65feea97d8242641ba362e7,14aeaf5ce63658c912d0498d718d4d05,3,Teacher-Led,Reading is Fun,Lorem ipsum dolor sit amet classroom school...,Music & The Arts,"Character Education, Literacy",Grades 6-8,Technology,$974.04,2016-04-13,Live,
fe9fecaa6182f347533f5a72b64fa54a,7426b1934b7e6b3c87d292a698eeac2b,1963c26d6e218b099afd4015816bcb9f,1,Teacher-Led,Reading is Fun,Lorem ipsum dolor sit amet classroom school...,Music & The Arts,"Applied Sciences, Literature & Writing",Grades 9-12,Supplies,$679.34,2015-07-18,Fully Funded,2015-08-18
6d4067f450032b3518578bafbac7e2b9,5fd231094140752caa44825950018b7b,ec48bf55afd380c42713582cf41ea3ac,4,Teacher-Led,Anti-Bullying Begins with Me,Lorem ipsum dolor sit amet classroom school...,"Applied Learning, Literacy & Language","Character Education, Literacy",Grades PreK-2,Other,$235.19,2015-02-03,Expired,
f4e559e5962293480f5ae9d38e6e5003,ab85fd595463adc78fca7b6a8fc42092,dfa4bb9f5a856750692ac1391f4a8ca1,4,Teacher-Led,Anti-Bullying Begins with Me,Lorem ipsum dolor sit amet classroom school...,"Literacy & Language, Special Needs","Literacy, Mathematics",Grades 3-5,Technology,$245.04,2015-11-06,Expired,
39681c817b70c3b8a81fdec3279c658a,d86a646059a1120e1bb43332d8e7012f,c33a1f6c1d691fba5e187b248e676a01,3,Teacher-Led,Reading is Fun,Lorem ipsum dolor sit amet classroom school...,Music & The Arts,"Applied Sciences, Literature & Writing",Grades PreK-2,Trips,$1400.72,2016-11-21,Fully Funded,2016-11-27
c32d4526b3e4110a45f50c522e2fbf77,59dcabd056febfb9ebe9e2074f199ec0,24ac2130deaf528d2e70983801902620,5,Teacher-Led,Technology in the Classroom,Lorem ipsum dolor sit amet classroom school...,"Applied Learning, Literacy & Language",Music,Grades PreK-2,Books,$1144.56,2014-03-17,Fully Funded,2014-04-17
5ebbcca5284bf9625744f59674222167,c6deb2f0530ac1c7b8ba83684fc77768,15bfbe9798a21f1c914dcfaef10013a7,1,Teacher-Led,Ukuleles For Middle Schoolers,Lorem ipsum dolor sit amet classroom school...,Music & The Arts,"Literacy, Mathematics",Grades PreK-2,Books,$480.94,2016-09-17,Fully Funded,2016-10-23
45ee432d6a07f2137129cec79b69554d,1d2324e6832920b7c143f426372f871a,4882d73c1c6345ab6e0ed1e8585d3f86,5,Teacher-Led,Technology in the Classroom,Lorem ipsum dolor sit amet classroom school...,"Literacy & Language, Math & Science","Literacy, Special Needs",Grades PreK-2,Supplies,$653.37,2016-05-12,Fully Funded,2016-05-17
36136e15f200c2614d29d1ab345512f7,4169b9fcc3a00c6f2321d1e1c47104c0,01fa964e1eb74b5653ffd3a24a193501,4,Teacher-Led,Technology in the Classroom,Lorem ipsum dolor sit amet classroom school...,Music & The Arts,Music,Grades 9-12,Trips,$1085.14,2015-10-22,Live,
5aaab32fce6322b6ab05347fd556b37d,bdf66ba5dc9c96de65a674c212738a23,75b2745504cc3ede6fac16730ad45230,1,Teacher-Led,"Big Books, Flip Books",Lorem ipsum dolor sit amet classroom school...,"Literacy & Language, Math & Science","Applied Sciences, Literature & Writing",Grades 9-12,Other,$505.32,2015-04-10,Fully Funded,2015-05-05
9e3d750df296d9f0cd2372c22bffe17b,eb7607c9b08a4895d4ffa66675c8e90d,d83020816fcc57dd168fae125ca260c9,1,Teacher-Led,Ukuleles For Middle Schoolers,Lorem ipsum dolor sit amet classroom school...,"Math & Science, Literacy & Language","Literacy, Mathematics",Grades 9-12,Trips,$210.11,2014-09-28,Fully Funded,2014-10-17
138d994c2b0abeddc77444cb5543fc3c,87d5b7be1d30d990a21b030782af085c,c6b6e4ade7ea8d5a31a3ac4d828c37e7,3,Teacher-Led,"Big Books, Flip Books",Lorem ipsum dolor sit amet classroom school...,Music & The Arts,Music,Grades PreK-2,Supplies,$458.36,2013-12-22,Live,
a7cf705cc257cf73c29d782b2722796e,c5d95f51f387e1bd2d5972c6134a5a2f,c1235c9176c5a0dc7e7e7419a0c14035,5,Teacher-Led,Reading is Fun,Lorem ipsum dolor sit amet classroom school...,"Math & Science, Literacy & Language","Literacy, Mathematics",Grades 3-5,Technology,$311.34,2013-05-20,Fully Funded,2013-06-22
46510367cbdc43184d85a3d2a1a27485,81e0d4895a18e2a30e614bcd97674900,73b0a0917634c1694f76e38812fe28bf,1,Teacher-Led,Anti-Bullying Begins with Me,Lorem ipsum dolor sit amet classroom school...,"Literacy & Language, Special Needs","Literacy, Special Needs",Grades PreK-2,Books,$961.01,2015-11-05,Fully Funded,2015-12-09
cab4923bf44883858de7ad6c949077c2,7321bf6b0a8076ece5582e16bd29ede9,a6ded1d8925817b7cf501889e8b77f7b,2,Teacher-Led,"Big Books, Flip Books",Lorem ipsum dolor sit amet classroom school...,"Literacy & Language, Math & Science","Applied Sciences, Literature & Writing",Grades 6-8,Books,$730.73,2014-12-05,Fully Funded,2015-01-11
3f6c21f70a0537f02c2cd22ba56895c6,707df251fdb1429e7010ed13b526b22d,28a397799c1c351785d2d0a686295b5d,3,Teacher-Led,"Big Books, Flip Books",Lorem ipsum dolor sit amet classroom school...,"Literacy & Language, Special Needs","Applied Sciences, Literature & Writing",Grades 9-12,Technology,$1050.46,2013-04-18,Fully Funded,2013-04-27
adaa44ca8ed6ad5e18318aa354669d19,b9469bcf4082cbb948bddb3e62f5df2b,e806133cf6e39356a8149562da003f16,5,Teacher-Led,Ukuleles For Middle Schoolers,Lorem ipsum dolor sit amet classroom school...,"Literacy & Language, Special Needs","Character Education, Literacy",Grades 6-8,Technology,$534.32,2016-09-05,Fully Funded,2016-09-18
15b02530f020e992b576255e98549f22,a4bbf962606e0e1c8f1584494f40c22f,20b71785d02ce0c154170a17caaa5bbe,5,Teacher-Led,Anti-Bullying Begins with Me,Lorem ipsum dolor sit amet classroom school...,"Math & Science, Literacy & Language","Literacy, Mathematics",Grades 3-5,Books,$607.64,2014-01-05,Expired,
7c7c404ec422d03ef29a6339577bc55a,23377bbcfffe77c839feb99c31274148,d82c75654bb907ec13c1175427aa7cbc,1,Teacher-Led,Reading is Fun,Lorem ipsum dolor sit amet classroom school...,"Literacy & Language, Math & Science","Literacy, Mathematics",Grades PreK-2,Technology,$1326.95,2016-06-19,Expired,
29890880277d1be96070b6a198e52499,c566aa81b15e54f6d4d307952e4bebc4,2a60c652e7147668cf1d7d3a9feefdff,4,Teacher-Led,Anti-Bullying Begins with Me,Lorem ipsum dolor sit amet classroom school...,"Math & Science, Literacy & Language","Literacy, Special Needs",Grades 6-8,Other,$954.83,2015-07-09,Expired,
f73157494f3949a83d3a258288b4f474,e76adca978116802c8cc7cfecf01f944,ada584175e2ad32d31ab0b56d5c9fdc7,5,Teacher-Led,Technology in the Classroom,Lorem ipsum dolor sit amet classroom school...,"Math & Science, Literacy & Language","Literacy, Special Needs",Grades 9-12,Trips,$838.44,2013-11-28,Expired,
df7d0dd7236e16089acb394acd1f5318,7b07fd31a4244f230d5ba7cd400035f0,ef2ddcc48df661da5f07c1a5dfc620ce,1,Teacher-Led,Reading is Fun,Lorem ipsum dolor sit amet classroom school...,"Applied Learning, Literacy & Language","Literacy, Special Needs",Grades PreK-2,Supplies,$481.91,2015-11-18,Expired,
f24823ab177a8a5f6ffe33b3d4bf7a4b,737d1fb6d11376e038d77b9ae916da57,06d3db93ee33688d597e6845e27718c5,4,Teacher-Led,Anti-Bullying Begins with Me,Lorem ipsum dolor sit amet classroom school...,"Math & Science, Literacy & Language","Literacy, Mathematics",Grades 3-5,Supplies,$640.63,2013-06-17,Fully Funded,2013-07-06
195d82f8ee4a9b5d519554e307374c86,55d596afa663d2cdb6f6dbf1d6d441cc,09ce3cfb2339ba1925637cc3ca97ebf5,3,Teacher-Led,Technology in the Classroom,Lorem ipsum dolor sit amet classroom school...,Music & The Arts,"Applied Sciences, Literature & Writing",Grades 9-12,Trips,$107.35,2013-06-12,Fully Funded,2013-07-03
8c7e6f422646eaf9d5c0244d3735262d,871c08849bdf90f2ba2c0f19f0b2a5d1,49c10669c6b33fe61c76bdf66c5a6c93,2,Teacher-Led,"Big Books, Flip Books",Lorem ipsum dolor sit amet classroom school...,"Applied Learning, Literacy & Language","Character Education, Literacy",Grades 6-8,Other,$994.53,2016-06-29,Fully Funded,2016-07-08
7ff4cec6e7b7b4c6d6312a801c612ec2,a1c7cc8a04351b64893ad23298c3e3ca,b7f285723defa84993364f7e83efa9f3,2,Teacher-Led,"Big Books, Flip Books",Lorem ipsum dolor sit amet classroom school...,"Math & Science, Literacy & Language","Character Education, Literacy",Grades 3-5,Supplies,$898.93,2014-01-19,Fully Funded,2014-02-26
f412436011536e995c508720f982f4e0,c952518581e03a5e8b48f49686abd4e7,0534a1018ddce71981f38dd4fd034ada,4,Teacher-Led,Technology in the Classroom,Lorem ipsum dolor sit amet classroom school...,"Applied Learning, Literacy & Language","Applied Sciences, Literature & Writing",Grades 3-5,Technology,$1146.24,2015-01-02,Fully Funded,2015-01-29
a0d572c8a837fe68bba205ca3dba6da8,bc3536df94f79dbac5811d2d1a89b71e,0b5995622227219f551ff086c1b5b5ca,3,Teacher-Led,Reading is Fun,Lorem ipsum dolor sit amet classroom school...,"Literacy & Language, Special Needs",Music,Grades 9-12,Other,$984.43,2013-10-04,Fully Funded,2013-11-23
0977c513752a7d25f1901b7ec6b469ef,ca8622250b36e356339b77a84b1f0d7b,50cae32d0aba590ee2c328aa33107475,3,Teacher-Led,Reading is Fun,Lorem ipsum dolor sit amet classroom school...,"Math & Science, Literacy & Language","Literacy, Mathematics",Grades 9-12,Technology,$151.27,2016-08-17,Expired,
c7e53bbbdcb51c535b62a8df493e904d,54f90429a7de02ccdda4f4a70c3ce284,5e368127cca1b45c1fdd980a45f18619,4,Teacher-Led,Technology in the Classroom,Lorem ipsum dolor sit amet classroom school...,"Math & Science, Literacy & Language","Applied Sciences, Literature & Writing",Grades 3-5,Supplies,$794.68,2015-10-16,Fully Funded,2015-12-11
15260718cd180a824447ceab84ef4324,6e3c453214348f626cac028cba220065,2e326567d284f54efebec0db9a3a6103,5,Teacher-Led,"Big Books, Flip Books",Lorem ipsum dolor sit amet classroom school...,"Literacy & Language, Special Needs","Character Education, Literacy",Grades PreK-2,Technology,$1025.29,2014-09-20,Fully Funded,2014-11-02
b0946d2a2aa93b436d15f16fb7b8c1a5,0ad7c9a2727716ec59fefbbc71a3fad2,5a4153b3e95f176cdebac186ba108217,5,Teacher-Led,Technology in the Classroom,Lorem ipsum dolor sit amet classroom school...,"Literacy & Language, Special Needs","Character Education, Literacy",Grades PreK-2,Other,$608.64,2016-10-23,Expired,
d942644c248d31ec07f8d4f0f3ea0184,702c1821c8040fb7ad973b679b89e5cb,3c6a3174113634a520509c6208e895d7,3,Teacher-Led,"Big Books, Flip Books",Lorem ipsum dolor sit amet classroom school...,"Math & Science, Literacy & Language","Literacy, Mathematics",Grades PreK-2,Trips,$314.81,2015-07-11,Fully Funded,2015-08-08
92ec89af13aec376c359810a71a6014c,65e58f345df06e8c878aaed9233ffc82,3fe68c9c4758367ba6499cdc507b9072,1,Teacher-Led,Anti-Bullying Begins with Me,Lorem ipsum dolor sit amet classroom school...,Music & The Arts,"Applied Sciences, Literature & Writing",Grades 9-12,Trips,$264.87,2014-06-18,Fully Funded,2014-07-06
b1a8b71f491b90e99ca3fbb3ff11c8ba,333ee3447dbf4bc1ffa623d0ea9e5c8d,12f5131ada52d2ee22bf18f51f652a87,4,Teacher-Led,Ukuleles For Middle Schoolers,Lorem ipsum dolor sit amet classroom school...,"Math & Science, Literacy & Language","Character Education, Literacy",Grades 3-5,Technology,$1093.36,2016-02-01,Live,
d9f2dd0d4cc9f5f2e42e50374a552ea0,ed6522b4b5a5f8e6b6391f0428524385,cb2fafa32c913a7ca3404f08b34191b8,3,Teacher-Led,Reading is Fun,Lorem ipsum dolor sit amet classroom school...,Music & The Arts,"Character Education, Literacy",Grades 6-8,Supplies,$431.43,2015-10-09,Fully Funded,2015-11-06
77a7e8b75e70f65f9280c5aa8dd4595b,2138afe08d38bbd8fba6abf7cdbcc653,10d4de39161237c9e25df9a89ca8a5c4,3,Teacher-Led,Technology in the Classroom,Lorem ipsum dolor sit amet classroom school...,"Math & Science, Literacy & Language","Literacy, Mathematics",Grades 9-12,Other,$1252.68,2013-06-01,Expired,
12fc7a87a4704d485128b9b1f8ede0ca,8471b4b0ae1b9f697740d83173318749,d43cdd6de0c1ff1e20da897258321ee4,5,Teacher-Led,Reading is Fun,Lorem ipsum dolor sit amet classroom school...,Music & The Arts,Music,Grades 9-12,Trips,$1375.00,2013-04-24,Fully Funded,2013-06-01
2976aab22a26f7704ddb1b36272c0588,39b86bb2b596ca7cef4afa885299e505,84d67c4ff0df1684f28e41225894f7f1,3,Teacher-Led,Anti-Bullying Begins with Me,Lorem ipsum dolor sit amet classroom school...,"Literacy & Language, Special Needs",Music,Grades 3-5,Supplies,$975.03,2016-06-12,Live,
2b2bb8e9a417c09380a8a23d17eaec83,2779468594a53fdef10d27c89780c215,b87b63849fddde2ea8a2b7ad2bd3cdcd,5,Teacher-Led,"Big Books, Flip Books",Lorem ipsum dolor sit amet classroom school...,"Literacy & Language, Math & Science","Character Education, Literacy",Grades PreK-2,Books,$163.65,2016-08-06,Live,
c4576cc335f789bca6b0745843c07d43,a394ed549e3c5a886aa56e6d92779574,a08dd21be3954cb17f7f6c0a07c0d116,5,Teacher-Led,"Big Books, Flip Books",Lorem ipsum dolor sit amet classroom school...,"Literacy & Language, Special Needs","Applied Sciences, Literature & Writing",Grades 6-8,Other,$516.41,2013-05-30,Fully Funded,2013-06-14
76e5ae787bf7e1d36a662fce7089fc6d,24c778a59b4e164b5716dc2e343ada2a,51beb80eb7e6a14cdc8a49225005680f,3,Teacher-Led,Technology in the Classroom,Lorem ipsum dolor sit amet classroom school...,Music & The Arts,"Literacy, Special Needs",Grades PreK-2,Technology,$438.43,2013-09-08,Fully Funded,2013-10-11
0cf477ef18c8a61624108e9a3f779cae,dd39d7936257a4a2f204be894a4b5563,f67294643f8ea40a6b0ae0e39d896047,2,Teacher-Led,"Big Books, Flip Books",Lorem ipsum dolor sit amet classroom school...,"Literacy & Language, Math & Science","Literacy, Special Needs",Grades 6-8,Supplies,$797.57,2015-11-21,Fully Funded,2015-12-27
05eee1d47f53a88e4efc8248e10b1a47,8164ceec64ab851bf1fac6e7170d7507,3713b4663da06476f778c676750d112e,5,Teacher-Led,"Big Books, Flip Books",Lorem ipsum dolor sit amet classroom school...,"Applied Learning, Literacy & Language","Character Education, Literacy",Grades 3-5,Other,$936.53,2016-09-01,Fully Funded,2016-09-24
1b84edc3d8e049de0217ea0e896490ab,43b47ee5e1e89e7e22498f666e51484d,673ba8bdc38c1dec5da39a73ba3df7ff,3,Teacher-Led,Anti-Bullying Begins with Me,Lorem ipsum dolor sit amet classroom school...,"Math & Science, Literacy & Language","Character Education, Literacy",Grades 6-8,Technology,$874.51,2013-05-31,Fully Funded,2013-07-07
479bc6378cc36f3bc3affcfe734a6ca3,ae2e9af99f8cc29ffd350c5fd3479a3b,f99f070420f0156a1e6a66289c6d52d5,1,Teacher-Led,Technology in the Classroom,Lorem ipsum dolor sit amet classroom school...,"Literacy & Language, Special Needs","Literacy, Special Needs",Grades 3-5,Supplies,$378.68,2015-11-09,Fully Funded,2015-12-16
2314d0c809f644050b9900340a4e2552,79474bfacdd0b4d4554227deb6adf48b,9b33e3a42620f9a974fd33d184f2fd0f,5,Teacher-Led,Ukuleles For Middle Schoolers,Lorem ipsum dolor sit amet classroom school...,"Literacy & Language, Special Needs","Literacy, Mathematics",Grades 3-5,Supplies,$650.14,2016-06-16,Fully Funded,2016-07-28
827c9f8cd40ac5e981df6517561c9210,901bcdefb56ff8ce7d66971e88476c56,044251dbd0d4ea6779928faa4cbf131d,3,Teacher-Led,"Big Books, Flip Books",Lorem ipsum dolor sit amet classroom school...,"Applied Learning, Literacy & Language","Applied Sciences, Literature & Writing",Grades 3-5,Books,$935.67,2014-06-28,Live,
0d259caab8adad873a4045dd93dfd907,863417182ba6adb37afeb1149561c813,c64c96479ea7017cb89f7039a107cc46,4,Teacher-Led,Ukuleles For Middle Schoolers,Lorem ipsum dolor sit amet classroom school...,Music & The Arts,"Character Education, Literacy",Grades PreK-2,Supplies,$126.51,2014-10-05,Fully Funded,2014-10-19
690e7e6234323ec6b0c4a01c69b7c0fa,eba742d29c89d374c66495a780773e33,bc5fd4ddd92f3c1edf70fb2a78bb22a5,1,Teacher-Led,Ukuleles For Middle Schoolers,Lorem ipsum dolor sit amet classroom school...,"Literacy & Language, Math & Science",Music,Grades 3-5,Other,$835.67,2014-10-05,Expired,
57a2be4e887b03e5e980f80875ac824c,c5a11f5cad05b9125ab28d4a8bd88fcd,a4afe7bdae455cc6b88e830fde1e994a,3,Teacher-Led,Reading is Fun,Lorem ipsum dolor sit amet classroom school...,"Math & Science, Literacy & Language",Music,Grades 6-8,Technology,$881.32,2014-04-06,Fully Funded,2014-05-30
b0b3901535102852b474634949fc2cd8,7ad465a15129950d7d2f4e58b47a1c5b,ef3a6f27ef06fccb8f7c1d59594b2a3a,3,Teacher-Led,"Big Books, Flip Books",Lorem ipsum dolor sit amet classroom school...,"Applied Learning, Literacy & Language","Literacy, Mathematics",Grades 9-12,Other,$1245.73,2013-10-27,Fully Funded,2013-11-03
143b45e3b6d1f6bbf48f709c49a22441,a7edc8d8713f8f8cec8be53758ab4778,36c7d6fa7aa4f052bf51936241a64fed,2,Teacher-Led,Reading is Fun,Lorem ipsum dolor sit amet classroom school...,"Literacy & Language, Special Needs","Literacy, Mathematics",Grades 3-5,Supplies,$252.92,2016-04-16,Expired,
e7ba26acab7a3d1c0cfef6833e11bafe,3b9b2d45a35055e439c59df987f255d6,548e1f6b69ce1e4e19a692c90d700ea4,4,Teacher-Led,Anti-Bullying Begins with Me,Lorem ipsum dolor sit amet classroom school...,Music & The Arts,"Character Education, Literacy",Grades 6-8,Other,$1014.05,2015-09-02,Fully Funded,2015-10-18
4988e418f6c31218c1836315330f8be1,0f25477da55990e74910fade52380bf2,a6fd0cb116e6e5c0c4cb294fe86e8e63,5,Teacher-Led,Ukuleles For Middle Schoolers,Lorem ipsum dolor sit amet classroom school...,"Literacy & Language, Math & Science","Character Education, Literacy",Grades 6-8,Other,$1335.14,2013-12-27,Fully Funded,2014-02-23
2fb21e667ed17aabc9b7c9bc65a16fa9,df4e713ef64e3dfcbfbeac7aefc59738,0997623ae0723d964a1a81f5ed10f004,1,Teacher-Led,"Big Books, Flip Books",Lorem ipsum dolor sit amet classroom school...,"Literacy & Language, Math & Science","Literacy, Mathematics",Grades PreK-2,Technology,$498.39,2016-08-06,Live,
f0458043e3a68a707e710b558639bd41,77d0359e811414f8d9df0d0e225aed6c,1cd66b09cf0e6d2b315c167a45d8a6ad,3,Teacher-Led,Ukuleles For Middle Schoolers,Lorem ipsum dolor sit amet classroom school...,"Math & Science, Literacy & Language","Literacy, Special Needs",Grades 6-8,Books,$1131.27,2014-08-28,Live,
2ced3c0d317304b5c1dd484aaca58d95,e5a4983ba383889adb2c6ac89c678393,83e96ef46d7df5d0d3b59af767ce378f,3,Teacher-Led,Anti-Bullying Begins with Me,Lorem ipsum dolor sit amet classroom school...,"Math & Science, Literacy & Language","Character Education, Literacy",Grades 6-8,Supplies,$768.44,2014-05-24,Fully Funded,2014-06-14
c0f63229725d42593c4b1eec6231ee73,4d4c5280546252e7f43ba0524459bd6e,02ed73ce92a81713b90ed44b951c25d5,3,Teacher-Led,"Big Books, Flip Books",Lorem ipsum dolor sit amet classroom school...,Music & The Arts,"Character Education, Literacy",Grades PreK-2,Other,$529.53,2015-04-11,Live,
b41c504fe346f415e5267a2bec50ace4,1e0ef546b0b6dedf4f9c4027c5144d98,4b87959ff0cd7f05ea87855ea38295d3,3,Teacher-Led,Reading is Fun,Lorem ipsum dolor sit amet classroom school...,Music & The Arts,Music,Grades 6-8,Other,$314.46,2016-05-25,Fully Funded,2016-06-25
78883058e9ad0e9b8c9aa1e9b3b26337,aa0217d0cd4f8b2b899ac252c1e1b94a,3f59e4f2c3093b6e37e9d2e2d35ac07a,5,Teacher-Led,Anti-Bullying Begins with Me,Lorem ipsum dolor sit amet classroom school...,"Literacy & Language, Math & Science","Applied Sciences, Literature & Writing",Grades 3-5,Books,$1384.14,2013-08-18,Fully Funded,2013-10-15
33c08bf18167999fe723ada38c32bdb2,2a1f1b61265cb9d989628f6e929c93b3,711c767385351a69dabf984e53ff8461,1,Teacher-Led,Ukuleles For Middle Schoolers,Lorem ipsum dolor sit amet classroom school...,"Literacy & Language, Math & Science","Applied Sciences, Literature & Writing",Grades PreK-2,Trips,$723.68,2013-04-24,Fully Funded,2013-05-07
905c7bdd74f0beae6a5943ce836435e3,ac3a812f765e6cb58f0d55400ec7d662,0592bfa5b928e23f4ee4334ece920136,4,Teacher-Led,"Big Books, Flip Books",Lorem ipsum dolor sit amet classroom school...,"Applied Learning, Literacy & Language",Music,Grades PreK-2,Books,$693.18,2016-12-05,Fully Funded,2017-01-13
e4eb8000ef40d1620f6ce9bffe7ee362,78d9a88aef0bea4ffc737d9211ab3d11,2e13418d68ab80ea497ec6d1081fc6dc,2,Teacher-Led,Technology in the Classroom,Lorem ipsum dolor sit amet classroom school...,"Literacy & Language, Special Needs","Applied Sciences, Literature & Writing",Grades 9-12,Other,$625.90,2016-10-30,Live,
59077299dc3bbdd8a74e02a9220b9ea9,8989c5abfe2b34d82db0728d1e5ebe54,ba54e9202099d18087623997649f7d88,2,Teacher-Led,Anti-Bullying Begins with Me,Lorem ipsum dolor sit amet classroom school...,"Applied Learning, Literacy & Language","Literacy, Special Needs",Grades 9-12,Trips,$693.78,2015-02-16,Expired,
27b608dc589decb075eb89c23f5cf2f3,e00da49deffa20023040413c4690fb15,083f64c31ce362f8c3f725feb99b2b5a,4,Teacher-Led,Reading is Fun,Lorem ipsum dolor sit amet classroom school...,"Applied Learning, Literacy & Language",Music,Grades 6-8,Books,$241.26,2013-03-10,Fully Funded,2013-04-22
0c760d28df495037b40a9181ac09bdb7,66fadca00b531932bd9419aa3ea6e5b2,379ef4678a2db2e63bfda8a6705fddf5,1,Teacher-Led,Ukuleles For Middle Schoolers,Lorem ipsum dolor sit amet classroom school...,"Literacy & Language, Math & Science","Literacy, Special Needs",Grades 6-8,Trips,$546.47,2016-05-09,Fully Funded,2016-05-29
fc568b5324acb722e05277394d406f1b,69df14e9389641dd8570b59fa903ae67,8e85140d0f9aeb7046707cd64ceda164,5,Teacher-Led,Ukuleles For Middle Schoolers,Lorem ipsum dolor sit amet classroom school...,"Math & Science, Literacy & Language","Literacy, Mathematics",Grades 9-12,Books,$1461.21,2016-08-10,Fully Funded,2016-10-04
6a944054b2414482519894d886433603,605fb1eb4cc57e0d263320186883ac6e,7938878a89b5aab0c12169db2f12b150,2,Teacher-Led,Ukuleles For Middle Schoolers,Lorem ipsum dolor sit amet classroom school...,"Literacy & Language, Special Needs",Music,Grades 9-12,Books,$887.34,2015-05-04,Live,
3e2bf9c9636f6e5c2253e70687ad8b26,a58e83dd548c1d84340de04941476506,d8ddbbc073253aa3ec170298143df5b3,3,Teacher-Led,Anti-Bullying Begins with Me,Lorem ipsum dolor sit amet classroom school...,"Literacy & Language, Math & Science",Music,Grades PreK-2,Technology,$628.04,2016-05-23,Live,
302b783112a1fe7ddfa597220a1fc9df,b96c1163966be275c2fe8954cdfd9531,7ab99428378e65108f10d33eabe42e7d,2,Teacher-Led,"Big Books, Flip Books",Lorem ipsum dolor sit amet classroom school...,"Literacy & Language, Special Needs","Character Education, Literacy",Grades 6-8,Supplies,$1446.91,2013-08-29,Fully Funded,2013-09-18
345af934b42a2d939aba0f15b2149062,8d55119e3d44cb2cea45ba416589ada1,61730c4848769153c68813fe52555c75,4,Teacher-Led,Reading is Fun,Lorem ipsum dolor sit amet classroom school...,"Literacy & Language, Special Needs","Literacy, Special Needs",Grades 3-5,Technology,$817.94,2015-10-16,Fully Funded,2015-10-27
78308631b8f0188efb37afaecd8563ca,ea11905b51facefad6f89f7ac2fa1da8,69f753f1501ba8515ee68495340029c3,1,Teacher-Led,Reading is Fun,Lorem ipsum dolor sit amet classroom school...,Music & The Arts,Music,Grades PreK-2,Technology,$874.64,2016-04-11,Live,
27046f254b91b8cb6ae66582b852b3cd,613d2de93ae2802354720d2d32399ffb,7fd238c33ee82983d557424191ddb9bf,5,Teacher-Led,"Big Books, Flip Books",Lorem ipsum dolor sit amet classroom school...,"Literacy & Language, Special Needs","Applied Sciences, Literature & Writing",Grades 9-12,Other,$335.53,2014-12-23,Expired,
